time_on_site,pages_visited,previous_purchases,made_purchase
7.095884123504285,2,0,0
4.329208554452414,6,2,0
3.522738375947861,4,2,1
4.6638898686232695,2,2,1
7.236031309152282,5,0,0
5.262916801562441,5,4,0
2.180612460933066,5,2,0
5.9299616594821645,3,1,1
3.14204009135475,4,2,0
0.6877979372503669,2,3,1
7.992014425434356,4,2,1
5.914459749655378,6,0,0
4.8434586723931705,4,5,0
4.308780970606603,3,2,0
7.794159001466632,3,5,0
11.174310300396812,4,3,0
5.897561037133033,9,1,1
2.9407306353442477,5,5,1
4.691068962264048,3,4,0
5.861145344188098,7,2,1
0.3009433860162689,7,3,0
5.668998403556236,6,3,0
5.8728502589861575,3,5,0
7.652684395974441,3,1,1
7.444246604746107,7,0,1
5.222344320579072,5,2,1
8.029273813160717,6,3,0
9.071356638077512,4,1,0
5.0559029104889195,5,4,0
5.836374156935498,1,3,0
1.4654052937788475,0,1,1
2.098053475117824,9,0,1
3.3236073719809625,6,0,1
4.112763390965894,6,3,0
2.807753950523863,4,3,0
4.928009176045516,3,5,0
4.172581664650763,6,2,0
7.14179046267923,2,1,0
4.050452709032584,2,3,1
0.4265641035690111,9,2,1
5.251502345070841,5,5,0
4.971603951177322,4,2,0
3.2759002371910126,3,3,0
5.189999766994074,8,0,0
2.84947082354733,2,1,1
5.6596799072466855,5,1,0
10.265848873859703,4,0,0
1.3887890541864674,3,3,0
3.967515825981679,5,1,1
3.6469897571017285,2,3,0
4.133480233024913,2,5,0
7.039849159193949,3,3,0
6.085653118638049,8,2,1
6.697533005212847,2,0,1
5.060991009507196,5,3,0
2.3558013601102847,3,5,1
2.7706292774800407,4,4,1
6.492519414933184,4,0,1
5.3416637968265945,5,1,1
7.520414812157677,1,2,1
5.5865242064935945,2,1,0
2.63397001333575,2,5,1
3.9561963716336903,1,5,0
6.1296282993658595,3,1,1
6.420664992477251,6,0,0
6.710217264309376,2,1,1
2.902951773589614,5,3,1
2.59793966784615,6,1,0
4.620394960505158,5,2,1
7.880147033066909,7,2,0
3.612263358383964,6,4,1
5.909943781201946,1,2,0
5.91012227787793,4,1,0
6.521545499341227,4,2,1
8.32888050789642,2,0,0
8.123812849532213,5,2,1
3.81078833232099,7,3,0
0.8042091173826522,5,0,0
3.6429413292705144,3,4,0
5.151344588094471,3,3,0
4.276709444628686,5,1,0
8.935797885856271,4,1,0
5.037560608632899,4,1,0
6.307423760512387,5,3,0
5.434428619294687,0,3,1
4.306733633018355,2,3,1
1.150376644074667,3,0,0
4.842764722917029,3,5,1
11.509294586308254,7,0,0
2.5110832003243324,5,1,1
1.370253911251551,6,5,1
8.872778605137821,5,2,1
6.48416593973867,4,1,0
5.374839761046873,1,4,1
7.725347724734116,3,0,0
3.336996114087807,4,3,1
4.786810478170697,5,0,0
6.910308233801646,5,3,1
9.220708735640791,6,5,1
2.6629113706867833,7,4,1
7.56146891712079,5,5,0
5.763678121681968,3,4,1
5.326122134858832,3,0,0
4.984541555490524,4,3,1
2.2307067586107934,6,5,0
6.926177996426064,5,4,0
3.435461959347344,7,1,0
2.840618594995306,3,1,0
6.770917917800676,6,5,0
6.578268050293357,1,3,0
5.1580001672221245,4,5,0
7.159087241623283,6,0,1
7.85187316295823,5,4,1
7.6164481556510815,3,0,0
3.94344205319604,2,1,0
7.028209862559424,5,4,0
5.4232819550172975,6,5,0
8.451815540704748,2,0,1
4.752543327465654,7,2,1
4.287056725263339,10,3,0
3.7724062463142465,8,3,0
5.378575788471111,5,2,0
5.933450935184208,0,1,1
5.971924565854542,2,4,1
5.698345080623714,2,3,0
6.342074025359612,6,2,0
4.5549163281712035,4,5,1
3.254969368816257,3,2,1
3.0803440061727043,3,1,0
6.950102190606937,7,1,0
5.940644621056579,1,0,0
1.288324458099352,5,3,0
7.193506853599882,1,0,0
8.76087029280531,4,2,0
3.5681662984829345,2,4,0
5.6723200925520825,7,4,0
4.053083812735281,4,1,1
6.256613850942333,6,4,0
2.6679822218495497,6,4,0
4.857108685802438,5,4,0
6.962628255997562,5,2,0
7.471423478597679,5,4,1
5.852991637839377,7,5,0
4.321909393580522,4,4,0
1.814797831312783,8,4,1
3.4849005775214366,2,0,0
4.06145319049044,7,2,1
3.6045324333967717,0,1,0
5.11910593662723,2,0,0
4.31622452765743,0,3,0
5.344242744670886,4,2,0
7.405254602095328,0,5,1
4.187075557541277,4,2,1
2.2342660454915504,5,3,0
3.5965848037502504,6,3,0
6.167176939946543,9,3,1
6.355887569905346,5,1,1
5.812170394032468,5,4,0
7.601474611776032,3,2,0
4.627273860246029,1,4,0
9.104332296018647,5,4,1
6.636374272211814,6,5,0
-0.046974940415754673,3,3,0
8.601317259927132,5,1,1
3.4660267797285567,6,5,0
2.9317976210861385,3,0,0
6.047542219665788,5,1,0
1.5236390553269126,6,4,0
3.6090615373567734,2,1,0
8.114197081248415,3,3,0
6.112435157995005,3,0,0
6.62447956187844,3,3,0
3.6861787990050523,1,0,1
1.9232600020637936,4,5,1
6.413634858627468,4,4,0
6.860512312483901,4,0,0
6.76998677216222,4,0,0
5.418138460235731,6,0,0
3.0658635130558585,3,1,0
9.87553917611946,3,5,1
5.959574885968351,4,1,0
4.652226716821664,6,4,0
4.661101525033264,4,0,0
5.299194956147107,11,5,1
7.1392165243159615,3,5,0
5.379256246610905,6,2,1
6.7170263068949945,7,4,0
5.302795375786415,2,5,1
4.7752922170592385,6,0,1
6.282500786656778,3,0,0
6.206572067347593,2,5,0
4.66073176180969,6,1,0
3.5015860845714815,9,4,0
5.6834578294808695,3,0,1
5.156697337925188,4,5,1
3.890256574458485,7,0,1
3.3151990349264064,6,5,1
5.820951687788913,2,4,0
6.100190114055389,7,5,0
4.279935770690279,3,2,1
