email_length,num_links,num_special_chars,is_spam
324.83570765056163,4,10,0
293.0867849414408,5,7,0
332.3844269050346,5,11,0
376.15149282040124,1,13,0
288.2923312638332,0,10,0
288.293152152541,1,9,1
378.9606407753696,2,6,0
338.37173645764545,1,9,0
276.5262807032524,0,11,0
327.1280021792982,2,12,1
276.8291153593769,2,7,0
276.71351232148714,1,13,0
312.0981135783017,0,11,0
204.3359877671101,3,5,1
213.75410837434836,3,14,0
271.88562353795135,1,12,0
249.35844398327882,0,8,1
315.71236662976366,0,7,1
254.59879622393944,4,7,0
229.38481493323542,1,9,1
373.2824384460777,3,13,0
288.71118497567323,4,7,0
303.3764102343962,1,11,0
228.76259068932717,1,11,0
272.78086377374086,0,10,0
305.5461294854933,0,13,1
242.45032112888487,0,14,0
318.7849009172836,3,9,0
269.9680655040597,2,8,0
285.41531251033615,2,11,1
269.91466938853017,1,6,0
392.6139092254469,2,5,0
299.3251387631033,2,8,0
247.114453552205,0,11,0
341.12724560515943,1,7,1
238.9578175014489,3,14,1
310.4431797502378,4,11,0
202.01649380601123,3,9,1
233.59069755507846,0,10,0
309.8430617934562,0,5,1
336.92332899977055,0,7,0
308.56841405949854,1,8,0
294.217585880588,2,12,0
284.9448152205356,2,11,0
226.07390048162864,5,12,0
264.00778958026456,1,11,0
276.9680614520106,3,10,0
352.8561113109458,4,8,1
317.18091447842306,2,5,0
211.84799223186332,3,12,0
316.20419846973977,2,12,1
280.74588597918415,1,13,0
266.1538999847021,4,8,0
330.5838144420434,1,9,0
351.5499761247975,3,15,1
346.56400595580993,1,17,0
258.0391238388681,1,7,0
284.53938120743925,3,14,1
316.5631715701782,0,13,1
348.77725635611796,1,7,0
276.0412881077355,1,16,0
290.71705116680914,0,7,0
244.68325129969858,1,15,1
240.18966879596647,2,12,0
340.6262911197099,0,16,0
367.8120014285412,3,8,1
296.39949392098333,4,7,0
350.1766448946012,4,8,0
318.0818012523817,1,4,0
267.7440122697438,1,10,0
318.0697802754207,0,8,0
376.90182832329845,0,14,0
298.2086980445024,4,7,0
378.23218279070034,2,14,0
169.0127447955128,1,14,1
341.0951252187612,1,16,0
304.35235341190855,3,13,1
285.0496324767066,4,10,0
304.5880388267751,4,13,1
200.62155426995537,3,9,1
289.0164056081244,2,7,0
317.85562857558733,2,8,1
373.8947022370758,0,8,1
274.0864890863176,4,2,0
259.57531985534064,2,9,0
274.91214782077316,5,13,0
345.7701058851037,2,9,1
316.43755548298424,0,17,1
273.51198981164805,3,11,1
325.6633716556678,5,16,0
304.853877467402,1,11,1
348.43224952664445,0,7,0
264.89734530613237,8,7,0
283.6168926701116,1,13,0
280.3945923433921,2,9,0
226.82425259339408,3,12,0
314.8060138532288,4,13,0
313.05276360899444,3,7,0
300.255672832123,0,11,0
288.27064333124264,0,8,0
229.23146289747928,3,11,0
278.96773386173203,1,5,0
282.8642741736615,2,9,0
259.88613653891906,3,12,0
291.93571441669957,5,5,0
320.2025428407269,2,12,0
394.3092950605265,3,14,0
308.72889064159193,2,10,0
312.8775195361382,0,13,0
296.2777042116916,0,12,1
204.06143923504794,1,8,0
298.67430622753915,1,13,0
303.01151049705135,3,12,0
423.1621056242643,1,11,0
290.3819517609439,0,14,0
315.07736711668065,1,13,0
298.26441151473784,1,8,0
241.5660981190234,0,14,0
357.14114072575103,1,11,0
337.5966516343387,2,11,1
339.5515973521523,0,13,1
254.53062726026306,2,13,1
370.13971554680495,2,18,1
229.90744686038596,3,12,0
329.3428546900135,1,8,0
409.5227812904989,2,4,0
250.4731837434656,2,8,0
271.6851135198614,3,12,1
304.98256825438204,1,13,0
274.82621729419003,2,10,1
222.46682844669337,1,12,0
303.42814874030137,0,9,1
246.88481431369476,1,12,0
323.6796215317591,1,5,0
254.02878828830984,5,11,0
377.496720250877,3,17,0
260.83733538318813,0,9,0
283.89692418971623,1,9,0
340.6758608684835,2,15,1
238.45678417830223,3,7,0
311.37299673020647,1,11,0
365.3571377141214,1,14,0
219.62583827193862,1,19,1
309.2316929266152,1,13,0
312.9941397124212,3,6,0
339.0911435888655,4,15,0
238.1524644560959,1,13,0
233.9771693457862,3,5,0
326.09707828084487,2,12,0
314.8492336616593,2,7,0
312.52464251729384,0,4,1
317.32241047484877,2,8,0
265.99876392107547,1,8,0
311.61268485805016,1,9,0
314.65362366493406,1,11,1
264.28242909868163,0,13,0
393.28872555723785,3,10,1
323.6916460455894,4,6,0
240.43482513986757,4,11,0
332.8276804316915,2,11,0
251.26591648863393,0,8,1
339.3542301871226,3,5,0
357.9297789503702,2,9,1
258.9658840824145,1,11,1
348.1688064622161,2,13,0
320.6390463468249,3,6,0
341.10300799972447,2,11,0
394.8396491326974,2,8,0
287.73059419985645,4,10,1
262.3131917821255,0,9,1
255.52427851872383,3,10,0
259.2094857517281,5,5,0
296.1449145292948,1,7,1
317.0575987408322,1,14,0
313.8345399665009,3,7,1
341.3591624518012,1,11,0
300.65009459389535,1,10,0
372.67670385786585,2,7,0
286.7671583381022,2,4,0
436.00845832948096,3,7,0
331.2833673882503,1,12,0
257.1421221791859,3,8,0
246.45537509694438,2,14,1
324.12362076215925,2,9,1
288.82686073370746,6,10,0
335.70002470460463,3,15,0
323.66188122867726,3,8,0
296.3585543671564,2,15,0
257.6603140965798,4,11,0
224.25763876570676,0,12,0
277.67425239664897,2,6,0
342.8199397161736,1,20,0
310.7046872065102,3,14,0
237.7130610644006,2,9,0
308.6590462925591,1,9,1
319.26586898644183,1,6,0
255.80712818994334,3,19,0
307.6862552972764,1,11,0
302.9104359223,1,13,0
242.85148510846884,2,19,1
